Variable,Full name
MAT_S11,Mathematics
CR_S11,Critical Reading
CC_S11,Citizen Competencies S11
BIO_S11,Biology
ENG_S11,English
QR_PRO,Quantitative Reasoning
CR_PRO,Critical Reading
CC_PRO,Citizen Competencies SPRO
ENG_PRO,English
WC_PRO,Written Communication
FEP_PRO,Formulation of Engineering Projects
G_SC,Global Score
PERCENTILE,Percentile
2ND_DECILE,Second Decile
QUARTILE,Quartile
SEL,Socioeconomic Level
SEL_IHE,Socioeconomic Level of The Institution of Higher Education
Note: S_11 corresponds to the secondary test and S_PRO to the professional test.,
